1minutestock,2997788563
allstocknews,2356524462
business,34713362
dailystockplays,528770977
dividendsheet,168161721
goldmansachs,253167239
jimcramer,14216123
largevoidbot,412611622
marketcurrents,15296897
marketrealist,701411095
marketwatch,624413
mttstrading,778775351153438000
naashonomics,881604271
optioncharts,716738000000000000
optionhacker,2544278864
pennystocksmomo,39394073
reurope_stock,989380000000000000
sadifanalytics,2229740180
seekingalpha,23059499
shortvolumes,925001000000000000
stock_news_now,767837000000000000
stocknovice,272059354
stockspredictr,956484000000000000
stocktexts,772472000000000000
stocktiprobot,786039000000000000
stocktwits,14886375
swingtradeasx,877184000000000000
talkmarkets,1001192245
tfmkts,400066174
theeconomist,5988062
thestreet,15281391
tickerreport,1979190776
traderead,843188000000000000
tradnews_,980874000000000000
transcriptdaily,852932000000000000
zolmaxnews,565538332
zoomstocks,4723496155
